{"train_loss": 1.0173868369744268, "_timestamp": 1667899016.4757974, "_runtime": 22055.595395326614, "_step": 2}