{"train_loss": 0.9847975649458381, "_timestamp": 1668072574.0837972, "_runtime": 95022.99290728569, "_step": 0}