{"train_loss": 0.005849821025503474, "_timestamp": 1668467865.3116808, "_runtime": 381559.071975708, "_step": 201, "valid_loss": 0.8103051621007078}